Timestamp,Age,Gender,Senior Citizen,Confidence
2026-05-03 20:26:23,25,Male,No,50%
2026-05-03 20:26:23,25,Male,No,50%
2026-05-03 20:26:23,25,Male,No,50%
2026-05-03 20:26:24,25,Male,No,50%
2026-05-03 20:26:24,25,Male,No,50%
2026-05-03 20:26:24,25,Male,No,50%
2026-05-03 20:26:24,25,Male,No,50%
2026-05-03 20:26:24,25,Male,No,50%
2026-05-03 20:26:24,25,Male,No,50%
2026-05-03 20:26:24,25,Male,No,50%
2026-05-03 20:26:24,25,Male,No,50%
2026-05-03 20:26:24,25,Male,No,50%
2026-05-03 20:26:25,25,Male,No,50%
2026-05-03 20:26:25,25,Male,No,50%
2026-05-03 20:26:25,25,Male,No,50%
2026-05-03 20:26:25,25,Male,No,50%
2026-05-03 20:26:25,25,Male,No,50%
2026-05-03 20:26:25,25,Male,No,50%
2026-05-03 20:26:26,25,Male,No,50%
2026-05-03 20:26:26,25,Male,No,50%
2026-05-03 20:26:26,25,Male,No,50%
2026-05-03 20:26:26,25,Male,No,50%
2026-05-03 20:26:26,25,Male,No,50%
2026-05-03 20:26:27,25,Male,No,50%
2026-05-03 20:26:27,25,Male,No,50%
2026-05-03 20:26:27,25,Male,No,50%
2026-05-03 20:26:27,25,Male,No,50%
2026-05-03 20:26:27,25,Male,No,50%
2026-05-03 20:26:28,25,Male,No,50%
2026-05-03 20:26:28,25,Male,No,50%
2026-05-03 20:26:28,25,Male,No,50%
2026-05-03 20:26:28,25,Male,No,50%
2026-05-03 20:26:29,25,Male,No,50%
2026-05-03 20:26:29,25,Male,No,50%
2026-05-03 20:26:29,25,Male,No,50%
2026-05-03 20:26:29,25,Male,No,50%
2026-05-03 20:26:29,25,Male,No,50%
2026-05-03 20:26:30,25,Male,No,50%
2026-05-03 20:26:30,25,Male,No,50%
2026-05-03 20:26:30,25,Male,No,50%
2026-05-03 20:26:30,25,Male,No,50%
2026-05-03 20:26:30,25,Male,No,50%
2026-05-03 20:26:31,25,Male,No,50%
2026-05-03 20:26:31,25,Male,No,50%
2026-05-03 20:26:31,25,Male,No,50%
2026-05-03 20:26:31,25,Male,No,50%
2026-05-03 20:26:31,25,Male,No,50%
2026-05-03 20:26:32,25,Male,No,50%
2026-05-03 20:26:32,25,Male,No,50%
2026-05-03 20:26:32,25,Male,No,50%
2026-05-03 20:26:32,25,Male,No,50%
2026-05-03 20:26:33,25,Male,No,50%
2026-05-03 20:26:33,25,Male,No,50%
2026-05-03 20:26:33,25,Male,No,50%
2026-05-03 20:26:33,25,Male,No,50%
2026-05-03 20:26:33,25,Male,No,50%
2026-05-03 20:26:33,25,Male,No,50%
2026-05-03 20:26:34,25,Male,No,50%
2026-05-03 20:34:17,25,Male,No,50%
2026-05-03 20:34:17,25,Male,No,50%
2026-05-03 20:34:17,25,Male,No,50%
2026-05-03 20:34:17,25,Male,No,50%
2026-05-03 20:34:17,25,Male,No,50%
2026-05-03 20:34:17,25,Male,No,50%
2026-05-03 20:34:17,25,Male,No,50%
2026-05-03 20:34:17,25,Male,No,50%
2026-05-03 20:34:17,25,Male,No,50%
2026-05-03 20:34:18,25,Male,No,50%
2026-05-03 20:34:18,25,Male,No,50%
2026-05-03 20:34:18,25,Male,No,50%
2026-05-03 20:34:18,25,Male,No,50%
2026-05-03 20:34:18,25,Male,No,50%
2026-05-03 20:34:18,25,Male,No,50%
2026-05-03 20:34:18,25,Male,No,50%
2026-05-03 20:34:18,25,Male,No,50%
2026-05-03 20:34:18,25,Male,No,50%
2026-05-03 20:34:18,25,Male,No,50%
2026-05-03 20:34:19,25,Male,No,50%
2026-05-03 20:34:19,25,Male,No,50%
2026-05-03 20:34:19,25,Male,No,50%
2026-05-03 20:34:19,25,Male,No,50%
2026-05-03 20:34:19,25,Male,No,50%
2026-05-03 20:34:19,25,Male,No,50%
2026-05-03 20:34:19,25,Male,No,50%
2026-05-03 20:34:19,25,Male,No,50%
2026-05-03 20:34:19,25,Male,No,50%
2026-05-03 20:34:19,25,Male,No,50%
2026-05-03 20:34:20,25,Male,No,50%
2026-05-03 20:34:20,25,Male,No,50%
2026-05-03 20:34:20,25,Male,No,50%
2026-05-03 20:34:20,25,Male,No,50%
2026-05-03 20:34:20,25,Male,No,50%
2026-05-03 20:34:20,25,Male,No,50%
2026-05-03 20:34:20,25,Male,No,50%
2026-05-03 20:34:20,25,Male,No,50%
2026-05-03 20:34:20,25,Male,No,50%
2026-05-03 20:34:20,25,Male,No,50%
2026-05-03 20:34:21,25,Male,No,50%
2026-05-07 14:25:13,28,Female,No,95%
2026-05-07 14:25:13,28,Female,No,80%
2026-05-07 14:25:13,28,Male,No,68%
2026-05-07 14:25:13,28,Female,No,71%
2026-05-07 14:25:13,28,Male,No,77%
2026-05-07 14:25:14,28,Male,No,67%
2026-05-07 14:25:14,28,Male,No,59%
2026-05-07 14:25:14,28,Female,No,99%
2026-05-07 14:25:14,28,Female,No,85%
2026-05-07 14:25:14,28,Female,No,96%
2026-05-07 14:25:14,28,Female,No,94%
2026-05-07 14:25:14,28,Female,No,74%
2026-05-07 14:25:14,28,Female,No,59%
2026-05-07 14:25:15,28,Female,No,61%
2026-05-07 14:25:15,28,Male,No,52%
2026-05-07 14:25:15,28,Male,No,71%
2026-05-07 14:25:15,28,Male,No,96%
2026-05-07 14:25:15,28,Male,No,99%
2026-05-07 14:25:15,28,Male,No,98%
2026-05-07 14:25:15,28,Male,No,82%
2026-05-07 14:25:15,28,Male,No,89%
2026-05-07 14:25:16,28,Male,No,62%
2026-05-07 14:25:16,28,Male,No,66%
2026-05-07 14:25:16,28,Male,No,74%
2026-05-07 14:25:16,28,Male,No,63%
2026-05-07 14:25:16,28,Male,No,98%
2026-05-07 14:25:16,28,Male,No,93%
2026-05-07 14:25:16,28,Male,No,94%
2026-05-07 14:25:16,28,Male,No,95%
2026-05-07 14:25:16,28,Male,No,98%
2026-05-07 14:25:17,28,Male,No,97%
2026-05-07 14:25:17,28,Male,No,99%
2026-05-07 14:25:17,28,Male,No,76%
2026-05-07 14:25:17,28,Male,No,66%
2026-05-07 14:25:17,28,Male,No,99%
2026-05-07 14:25:17,28,Male,No,98%
2026-05-07 14:25:17,28,Male,No,100%
2026-05-07 14:25:17,28,Male,No,99%
2026-05-07 14:25:17,28,Male,No,100%
2026-05-07 14:25:18,28,Male,No,71%
2026-05-07 14:25:18,28,Female,No,60%
2026-05-07 14:25:18,28,Male,No,100%
2026-05-07 14:25:18,28,Male,No,100%
2026-05-07 14:25:18,28,Male,No,96%
2026-05-07 14:25:18,28,Male,No,100%
2026-05-07 14:25:18,28,Male,No,100%
2026-05-07 14:25:18,28,Male,No,100%
2026-05-07 14:25:19,28,Male,No,93%
2026-05-07 14:25:19,28,Male,No,98%
2026-05-07 14:25:19,28,Male,No,93%
2026-05-07 14:25:19,28,Male,No,100%
2026-05-07 14:25:19,28,Male,No,99%
2026-05-07 14:25:19,28,Male,No,100%
2026-05-07 14:25:19,28,Male,No,99%
2026-05-07 14:25:20,28,Male,No,97%
2026-05-07 14:25:20,28,Male,No,98%
2026-05-07 14:25:20,28,Male,No,96%
2026-05-07 14:25:20,28,Male,No,99%
2026-05-07 14:25:20,28,Male,No,100%
2026-05-07 14:25:20,28,Male,No,99%
2026-05-07 14:25:20,28,Male,No,99%
2026-05-07 14:25:20,28,Male,No,99%
2026-05-07 14:25:20,28,Male,No,99%
2026-05-07 14:25:20,28,Male,No,96%
2026-05-07 14:25:21,28,Male,No,92%
2026-05-07 14:25:21,28,Male,No,100%
2026-05-07 14:25:21,28,Male,No,95%
2026-05-07 14:25:21,28,Male,No,76%
2026-05-07 14:25:21,28,Male,No,76%
2026-05-07 14:25:21,28,Male,No,100%
2026-05-07 14:25:21,28,Male,No,98%
2026-05-07 14:25:21,28,Male,No,98%
2026-05-07 14:25:22,28,Male,No,92%
2026-05-07 14:25:22,28,Male,No,99%
2026-05-07 14:25:22,28,Male,No,99%
2026-05-07 14:25:22,28,Male,No,98%
2026-05-07 14:25:22,28,Male,No,79%
2026-05-07 14:25:22,28,Male,No,79%
2026-05-07 14:25:22,28,Male,No,57%
2026-05-07 14:25:22,17,Male,No,91%
2026-05-07 14:25:23,28,Male,No,97%
2026-05-07 14:25:23,28,Male,No,97%
2026-05-07 14:25:23,28,Male,No,89%
2026-05-07 14:25:23,28,Male,No,97%
2026-05-07 14:25:23,28,Male,No,97%
2026-05-07 14:25:23,28,Male,No,98%
2026-05-07 14:25:23,28,Male,No,100%
2026-05-07 14:25:23,28,Male,No,99%
2026-05-07 14:25:23,28,Male,No,99%
2026-05-07 14:25:24,28,Male,No,85%
2026-05-07 14:25:24,28,Male,No,99%
2026-05-07 14:25:24,28,Male,No,99%
2026-05-07 14:25:24,28,Male,No,97%
2026-05-07 14:25:24,28,Male,No,82%
2026-05-07 14:25:24,28,Male,No,82%
2026-05-07 14:25:24,28,Male,No,82%
2026-05-07 14:25:25,28,Male,No,94%
2026-05-07 14:25:25,28,Male,No,88%
2026-05-07 14:25:25,17,Male,No,56%
2026-05-07 14:25:25,28,Male,No,100%
2026-05-07 14:25:25,28,Male,No,100%
2026-05-07 14:25:25,28,Male,No,100%
2026-05-07 14:25:25,28,Male,No,86%
2026-05-07 14:25:25,28,Male,No,95%
2026-05-07 14:25:25,28,Male,No,91%
2026-05-07 14:25:25,28,Male,No,91%
2026-05-07 14:25:26,28,Male,No,99%
2026-05-07 14:25:26,28,Male,No,99%
2026-05-07 14:25:26,28,Male,No,98%
2026-05-07 14:25:26,28,Male,No,98%
2026-05-07 14:25:26,28,Male,No,94%
2026-05-07 14:25:26,28,Male,No,100%
2026-05-07 14:25:26,28,Male,No,96%
2026-05-07 14:25:26,28,Male,No,96%
2026-05-07 14:25:26,28,Male,No,96%
2026-05-07 14:25:26,28,Male,No,94%
2026-05-07 14:25:27,28,Male,No,58%
2026-05-07 14:25:27,28,Male,No,58%
2026-05-07 14:25:27,28,Male,No,63%
2026-05-07 14:25:27,28,Female,No,70%
2026-05-07 14:25:27,28,Male,No,63%
2026-05-07 14:25:27,28,Female,No,72%
2026-05-07 14:25:27,28,Female,No,77%
2026-05-07 14:25:27,28,Female,No,77%
2026-05-07 14:25:28,28,Female,No,92%
2026-05-07 14:25:28,28,Male,No,53%
2026-05-07 14:25:28,28,Male,No,53%
2026-05-07 14:25:28,28,Male,No,89%
2026-05-07 14:25:28,28,Male,No,87%
2026-05-07 14:25:28,28,Male,No,61%
2026-05-07 14:25:28,28,Male,No,61%
2026-05-07 14:25:28,28,Male,No,93%
2026-05-07 14:25:29,28,Male,No,96%
2026-05-07 14:25:29,28,Male,No,96%
2026-05-07 14:25:29,28,Male,No,99%
2026-05-07 14:25:29,28,Female,No,67%
2026-05-07 14:25:29,28,Male,No,69%
2026-05-07 14:25:29,28,Male,No,69%
2026-05-07 14:25:29,28,Male,No,67%
2026-05-07 14:25:29,17,Female,No,68%
2026-05-07 14:25:29,17,Female,No,68%
2026-05-07 14:25:30,28,Male,No,54%
2026-05-07 14:25:30,28,Male,No,83%
2026-05-07 14:25:30,28,Female,No,71%
2026-05-07 14:25:30,28,Female,No,71%
2026-05-07 14:25:30,28,Male,No,59%
2026-05-07 14:25:30,28,Male,No,94%
2026-05-07 14:25:30,28,Male,No,99%
2026-05-07 14:25:31,28,Male,No,96%
2026-05-07 14:25:31,28,Male,No,96%
2026-05-07 14:25:31,28,Male,No,88%
2026-05-07 14:25:31,28,Male,No,93%
2026-05-07 14:25:31,28,Male,No,94%
2026-05-07 14:25:31,28,Male,No,98%
2026-05-07 14:25:31,28,Male,No,98%
2026-05-07 14:25:32,28,Male,No,55%
2026-05-14 19:14:30,28,Male,No,100%
2026-05-14 19:14:30,10,Male,No,100%
2026-05-14 19:14:30,10,Male,No,100%
2026-05-14 19:14:30,10,Male,No,100%
2026-05-14 19:14:30,10,Male,No,100%
2026-05-14 19:14:31,10,Male,No,100%
2026-05-14 19:14:31,10,Male,No,100%
2026-05-14 19:14:31,10,Male,No,100%
2026-05-14 19:14:31,10,Male,No,99%
2026-05-14 19:14:31,10,Male,No,97%
2026-05-14 19:14:31,28,Male,No,73%
2026-05-14 19:14:31,28,Male,No,85%
2026-05-14 19:14:31,28,Male,No,75%
2026-05-14 19:14:32,28,Male,No,99%
2026-05-14 19:14:32,28,Male,No,99%
2026-05-14 19:14:32,28,Male,No,96%
2026-05-14 19:14:32,28,Male,No,99%
2026-05-14 19:14:32,28,Male,No,97%
2026-05-14 19:14:32,28,Male,No,100%
2026-05-14 19:14:32,28,Male,No,90%
2026-05-14 19:14:32,28,Male,No,97%
2026-05-14 19:14:33,28,Male,No,95%
2026-05-14 19:14:33,28,Male,No,97%
2026-05-14 19:14:33,28,Male,No,100%
2026-05-14 19:14:33,28,Male,No,100%
2026-05-14 19:14:33,28,Male,No,100%
2026-05-14 19:14:33,28,Female,No,53%
2026-05-14 19:14:33,28,Male,No,100%
2026-05-14 19:14:34,28,Male,No,99%
2026-05-14 19:14:34,10,Male,No,95%
2026-05-14 19:14:34,28,Male,No,97%
2026-05-14 19:14:34,28,Male,No,98%
2026-05-14 19:14:34,28,Male,No,96%
2026-05-14 19:14:34,10,Male,No,98%
2026-05-14 19:14:35,50,Male,No,96%
2026-05-14 19:14:35,10,Male,No,96%
2026-05-14 19:14:35,10,Male,No,94%
2026-05-14 19:14:35,10,Male,No,96%
2026-05-14 19:14:35,10,Male,No,51%
2026-05-14 19:14:35,10,Male,No,56%
2026-05-14 19:14:36,28,Male,No,99%
2026-05-14 19:14:36,28,Male,No,97%
2026-05-14 19:14:36,28,Male,No,99%
2026-05-14 19:14:36,10,Male,No,98%
2026-05-14 19:14:36,10,Male,No,100%
2026-05-14 19:14:36,10,Male,No,99%
2026-05-14 19:14:37,28,Male,No,100%
2026-05-14 19:14:37,28,Male,No,99%
2026-05-14 19:14:37,28,Male,No,100%
2026-05-14 19:14:37,28,Male,No,92%
2026-05-14 19:14:37,28,Male,No,99%
2026-05-14 19:14:37,28,Male,No,100%
2026-05-14 19:14:37,28,Female,No,66%
2026-05-14 19:14:38,10,Male,No,79%
2026-05-14 19:14:38,10,Male,No,97%
2026-05-14 19:14:38,10,Male,No,99%
2026-05-14 19:14:38,28,Male,No,98%
2026-05-14 19:14:38,28,Male,No,100%
2026-05-14 19:14:38,28,Male,No,100%
2026-05-14 19:14:39,28,Male,No,100%
2026-05-14 19:14:39,28,Male,No,100%
2026-05-14 19:14:39,28,Male,No,98%
2026-05-14 19:14:39,28,Male,No,94%
2026-05-14 19:14:39,28,Male,No,98%
2026-05-14 19:14:39,28,Male,No,99%
2026-05-14 19:14:39,28,Male,No,99%
2026-05-14 19:14:40,10,Male,No,100%
2026-05-14 19:14:40,10,Male,No,100%
2026-05-14 19:14:40,28,Male,No,100%
2026-05-14 19:14:40,28,Male,No,100%
